login,name,company,location,email,hireable,bio,public_repos,followers,following,created_at
tarsius,,,,,False,,0,0,0,
aalmiray,,,,,False,,0,0,0,
marcoroth,,,,,False,,0,0,0,
klmr,,,,,False,,0,0,0,
MrNeRF,,,,,False,,0,0,0,
dpryan79,,,,,False,,0,0,0,
ParthS007,,,,,False,,0,0,0,
quantumjim,,,,,False,,0,0,0,
odan,,,,,False,,0,0,0,
JuergenGutsch,,,,,False,,0,0,0,
v7b1,,,,,False,,0,0,0,
a-r-j,,,,,False,,0,0,0,
fzenke,,,,,False,,0,0,0,
eleanor-em,,,,,False,,0,0,0,
dengemann,,,,,False,,0,0,0,
imagejan,,,,,False,,0,0,0,
charnley,,,,,False,,0,0,0,
rneher,,,,,False,,0,0,0,
syzer,,,,,False,,0,0,0,
jkarni,,,,,False,,0,0,0,
maehr,,,,,False,,0,0,0,
galderz,,,,,False,,0,0,0,
wasserth,,,,,False,,0,0,0,
ahankinson,,,,,False,,0,0,0,
underdoeg,,,,,False,,0,0,0,
maysam,,,,,False,,0,0,0,
yperbasis,,,,,False,,0,0,0,
alexarnimueller,,,,,False,,0,0,0,
MaxGfeller,,,,,False,,0,0,0,
andersx,,,,,False,,0,0,0,
neocorp,,,,,False,,0,0,0,
raducotescu,,,,,False,,0,0,0,
bar9,,,,,False,,0,0,0,
undeadpixel,,,,,False,,0,0,0,
marcantondahmen,,,,,False,,0,0,0,
ravage84,,,,,False,,0,0,0,
gabrielwalt,,,,,False,,0,0,0,
elanmart,,,,,False,,0,0,0,
JeyDi,,,,,False,,0,0,0,
tbreuss,,,,,False,,0,0,0,
Phlya,,,,,False,,0,0,0,
eyenx,,,,,False,,0,0,0,
ioolkos,,,,,False,,0,0,0,
dergraf,,,,,False,,0,0,0,
quadbiolab,,,,,False,,0,0,0,
Accio,,,,,False,,0,0,0,
ftiff,,,,,False,,0,0,0,
atenagm1375,,,,,False,,0,0,0,
danvet,,,,,False,,0,0,0,
daminetreg,,,,,False,,0,0,0,
pvillega,,,,,False,,0,0,0,
larshesel,,,,,False,,0,0,0,
siers,,,,,False,,0,0,0,
shernshiou,,,,,False,,0,0,0,
jv-k,,,,,False,,0,0,0,
neherlab,,,,,False,,0,0,0,
cbg-ethz,,,,,False,,0,0,0,
nbara,,,,,False,,0,0,0,
uniqueg,,,,,False,,0,0,0,
marcelluethi,,,,,False,,0,0,0,
Marius1311,,,,,False,,0,0,0,
mo271,,,,,False,,0,0,0,
dkgaraujo,,,,,False,,0,0,0,
hackermd,,,,,False,,0,0,0,
lucafluri,,,,,False,,0,0,0,
bennyzen,,,,,False,,0,0,0,
deepakunni3,,,,,False,,0,0,0,
greenore,,,,,False,,0,0,0,
fgypas,,,,,False,,0,0,0,
esteban-aliverti,,,,,False,,0,0,0,
hirsch88,,,,,False,,0,0,0,
netzwerg,,,,,False,,0,0,0,
QTimort,,,,,False,,0,0,0,
goggle,,,,,False,,0,0,0,
appcell,,,,,False,,0,0,0,
ppmathis,,,,,False,,0,0,0,
rukshn,,,,,False,,0,0,0,
epijim,,,,,False,,0,0,0,
nilseling,,,,,False,,0,0,0,
acollign,,,,,False,,0,0,0,
jeeberhardt,,,,,False,,0,0,0,
D4rkMindz,,,,,False,,0,0,0,
adobe-rnd,,,,,False,,0,0,0,
dweber019,,,,,False,,0,0,0,
markh0rr,,,,,False,,0,0,0,
pedrofale,,,,,False,,0,0,0,
laduplessis,,,,,False,,0,0,0,
etiiiR,,,,,False,,0,0,0,
areyesq89,,,,,False,,0,0,0,
TK5-Tim,,,,,False,,0,0,0,
leonden,,,,,False,,0,0,0,
almilo,,,,,False,,0,0,0,
wingsuitist,,,,,False,,0,0,0,
guylabs,,,,,False,,0,0,0,
schoentoon,,,,,False,,0,0,0,
laurafontanesi,,,,,False,,0,0,0,
wheresvic,,,,,False,,0,0,0,
idris-maps,,,,,False,,0,0,0,
caoimhechaos,,,,,False,,0,0,0,
marcossegovia,,,,,False,,0,0,0,
SwissTPH,,,,,False,,0,0,0,
delcroip,,,,,False,,0,0,0,
fabwu,,,,,False,,0,0,0,
alternatex,,,,,False,,0,0,0,
andreasfink,,,,,False,,0,0,0,
felixmichel,,,,,False,,0,0,0,
dev7ch,,,,,False,,0,0,0,
gmickel,,,,,False,,0,0,0,
jordanlepera,,,,,False,,0,0,0,
musicEnfanthen,,,,,False,,0,0,0,
guma44,,,,,False,,0,0,0,
fmi-basel,,,,,False,,0,0,0,
mstritt,,,,,False,,0,0,0,
seakayone,,,,,False,,0,0,0,
jonnybbb,,,,,False,,0,0,0,
danon6868,,,,,False,,0,0,0,
valentinorusconi,,,,,False,,0,0,0,
yguenduez,,,,,False,,0,0,0,
alexcarol,,,,,False,,0,0,0,
Tiim,,,,,False,,0,0,0,
andreas-aeschlimann,,,,,False,,0,0,0,
extrapixel,,,,,False,,0,0,0,
rdrighetto,,,,,False,,0,0,0,
codingluke,,,,,False,,0,0,0,
young24,,,,,False,,0,0,0,
BaselHack,,,,,False,,0,0,0,
dulvac,,,,,False,,0,0,0,
ofajardo,,,,,False,,0,0,0,
shoeferlin,,,,,False,,0,0,0,
basecode,,,,,False,,0,0,0,
sechidis,,,,,False,,0,0,0,
thedatadudech,,,,,False,,0,0,0,
j3mdamas,,,,,False,,0,0,0,
joshy,,,,,False,,0,0,0,
occelebi,,,,,False,,0,0,0,
xrobin,,,,,False,,0,0,0,
mmlr,,,,,False,,0,0,0,
vladen,,,,,False,,0,0,0,
gtancev,,,,,False,,0,0,0,
loopasam,,,,,False,,0,0,0,
baloise,,,,,False,,0,0,0,
gysel,,,,,False,,0,0,0,
amaunz,,,,,False,,0,0,0,
thsmit,,,,,False,,0,0,0,
ddresch,,,,,False,,0,0,0,
juergba,,,,,False,,0,0,0,
rordi,,,,,False,,0,0,0,
MikeJSeo,,,,,False,,0,0,0,
lev1nn,,,,,False,,0,0,0,
LuSchumacher,,,,,False,,0,0,0,
fiscafusca,,,,,False,,0,0,0,
humford,,,,,False,,0,0,0,
fabriziofortino,,,,,False,,0,0,0,
francescomari,,,,,False,,0,0,0,
culmat,,,,,False,,0,0,0,
janfaessler,,,,,False,,0,0,0,
yalais,,,,,False,,0,0,0,
bethany-j-allen,,,,,False,,0,0,0,
byeungchun,,,,,False,,0,0,0,
guenterh,,,,,False,,0,0,0,
zhisonghe,,,,,False,,0,0,0,
revitron,,,,,False,,0,0,0,
jaulz,,,,,False,,0,0,0,
bailliem,,,,,False,,0,0,0,
mgje,,,,,False,,0,0,0,
yschindel,,,,,False,,0,0,0,
Seryusjj,,,,,False,,0,0,0,
fmeschbe,,,,,False,,0,0,0,
paolomoz,,,,,False,,0,0,0,
tertek,,,,,False,,0,0,0,
TheMaaarc,,,,,False,,0,0,0,
ingmars,,,,,False,,0,0,0,
Sparclex,,,,,False,,0,0,0,
delalamo,,,,,False,,0,0,0,
bull0n,,,,,False,,0,0,0,
tholu,,,,,False,,0,0,0,
cfi2017,,,,,False,,0,0,0,
mmolari,,,,,False,,0,0,0,
AmarTabakovic,,,,,False,,0,0,0,
csmuller,,,,,False,,0,0,0,
kordamp,,,,,False,,0,0,0,
magnolia-cms,,,,,False,,0,0,0,
cdedonno,,,,,False,,0,0,0,
paulheyer,,,,,False,,0,0,0,
ge11232002,,,,,False,,0,0,0,
StanBarrows,,,,,False,,0,0,0,
gregorLen,,,,,False,,0,0,0,
cwoffenden,,,,,False,,0,0,0,
andreagrioni,,,,,False,,0,0,0,
mjmurphy,,,,,False,,0,0,0,
ekremney,,,,,False,,0,0,0,
j-keck,,,,,False,,0,0,0,
BBQuercus,,,,,False,,0,0,0,
zakgreant,,,,,False,,0,0,0,
Joel-Schaltenbrand,,,,,False,,0,0,0,
editio,,,,,False,,0,0,0,
KasparJohannesSchneider,,,,,False,,0,0,0,
brain-tec,,,,,False,,0,0,0,
Ghazi-Bouabene,,,,,False,,0,0,0,
BalduinLandolt,,,,,False,,0,0,0,
Ariwor,,,,,False,,0,0,0,
mhueser,,,,,False,,0,0,0,
SoapZA,,,,,False,,0,0,0,
JanaJarecki,,,,,False,,0,0,0,
nfq,,,,,False,,0,0,0,
cjelger,,,,,False,,0,0,0,
Billy-Nie,,,,,False,,0,0,0,
EricBoittier,,,,,False,,0,0,0,
netzarbeiter,,,,,False,,0,0,0,
tikiatua,,,,,False,,0,0,0,
siyabendoezdemir,,,,,False,,0,0,0,
samuelnbaumer,,,,,False,,0,0,0,
Smeyke,,,,,False,,0,0,0,
codrinbucur,,,,,False,,0,0,0,
sschuepbach,,,,,False,,0,0,0,
decodoku,,,,,False,,0,0,0,
winklerrr,,,,,False,,0,0,0,
baloise-incubator,,,,,False,,0,0,0,
eggerdo,,,,,False,,0,0,0,
pietropatelli,,,,,False,,0,0,0,
rolandschaub,,,,,False,,0,0,0,
Aaronmacaron,,,,,False,,0,0,0,
adrinamin,,,,,False,,0,0,0,
topherzee,,,,,False,,0,0,0,
cstringer17,,,,,False,,0,0,0,
iamdamla,,,,,False,,0,0,0,
janexner,,,,,False,,0,0,0,
aibasel,,,,,False,,0,0,0,
tehrhart,,,,,False,,0,0,0,
AlbertPorres,,,,,False,,0,0,0,
muenchto,,,,,False,,0,0,0,
ursjoss,,,,,False,,0,0,0,
rodrigo-pena,,,,,False,,0,0,0,
moritztim,,,,,False,,0,0,0,
jsurkont,,,,,False,,0,0,0,
yannickholzenkamp,,,,,False,,0,0,0,
brunosaboia,,,,,False,,0,0,0,
sebherbert,,,,,False,,0,0,0,
c-bik,,,,,False,,0,0,0,
LeonardoLupori,,,,,False,,0,0,0,
subotic,,,,,False,,0,0,0,
chrede88,,,,,False,,0,0,0,
AronBA,,,,,False,,0,0,0,
JanSchlender,,,,,False,,0,0,0,
duynguyen,,,,,False,,0,0,0,
benhendriks,,,,,False,,0,0,0,
StefanThoma,,,,,False,,0,0,0,
RamiDaoud1979-zz,,,,,False,,0,0,0,
RPanczak,,,,,False,,0,0,0,
GlitchedPolygons,,,,,False,,0,0,0,
SyarifZapata,,,,,False,,0,0,0,
hodcroftlab,,,,,False,,0,0,0,
eva-j,,,,,False,,0,0,0,
MDendura,,,,,False,,0,0,0,
PaulRitsche,,,,,False,,0,0,0,
maxfrischknecht,,,,,False,,0,0,0,
laszlolukacs,,,,,False,,0,0,0,
Dufry,,,,,False,,0,0,0,
ivanek,,,,,False,,0,0,0,
daniel-fink-de,,,,,False,,0,0,0,
rahelarnold98,,,,,False,,0,0,0,
cyon,,,,,False,,0,0,0,
svene,,,,,False,,0,0,0,
kptdobe,,,,,False,,0,0,0,
dassi,,,,,False,,0,0,0,
niiku,,,,,False,,0,0,0,
mfalland,,,,,False,,0,0,0,
bundfussr,,,,,False,,0,0,0,
jonock,,,,,False,,0,0,0,
riccardolardi,,,,,False,,0,0,0,
didierCH,,,,,False,,0,0,0,
pascscha,,,,,False,,0,0,0,
rivella50,,,,,False,,0,0,0,
ptmerz,,,,,False,,0,0,0,
McKean,,,,,False,,0,0,0,
aschwanb,,,,,False,,0,0,0,
yesil,,,,,False,,0,0,0,
mopore,,,,,False,,0,0,0,
thiemo,,,,,False,,0,0,0,
pawelru,,,,,False,,0,0,0,
arnoldjulian,,,,,False,,0,0,0,
nimwegenLab,,,,,False,,0,0,0,
volteanu,,,,,False,,0,0,0,
simeonjackman,,,,,False,,0,0,0,
JasonShuyinta,,,,,False,,0,0,0,
m-l-1,,,,,False,,0,0,0,
moddatherrashed,,,,,False,,0,0,0,
gdario,,,,,False,,0,0,0,
samuelpulfer,,,,,False,,0,0,0,
stefan-guggisberg,,,,,False,,0,0,0,
tomaszdurka,,,,,False,,0,0,0,
gatoniel,,,,,False,,0,0,0,
Andreas-Forster,,,,,False,,0,0,0,
raffaelschneider,,,,,False,,0,0,0,
michaelmarth,,,,,False,,0,0,0,
sarahhcarl,,,,,False,,0,0,0,
Tiliavir,,,,,False,,0,0,0,
nickholway,,,,,False,,0,0,0,
tph-thuering,,,,,False,,0,0,0,
adelabriere,,,,,False,,0,0,0,
martinfuchs,,,,,False,,0,0,0,
LCthur,,,,,False,,0,0,0,
aurdipas,,,,,False,,0,0,0,
alexkarargyris,,,,,False,,0,0,0,
josip2312,,,,,False,,0,0,0,
CodeOneTwo,,,,,False,,0,0,0,
JacekKedzierski,,,,,False,,0,0,0,
IntiQuan,,,,,False,,0,0,0,
numbersman77,,,,,False,,0,0,0,
timlandolt,,,,,False,,0,0,0,
lunatsukiii,,,,,False,,0,0,0,
AlexRRR,,,,,False,,0,0,0,
flavens,,,,,False,,0,0,0,
doemsche,,,,,False,,0,0,0,
matteotex91,,,,,False,,0,0,0,
miandovka,,,,,False,,0,0,0,
CaibinSh,,,,,False,,0,0,0,
AmirEhsan95,,,,,False,,0,0,0,
maltehelmert,,,,,False,,0,0,0,
jnussbaum,,,,,False,,0,0,0,
gordonkoehn,,,,,False,,0,0,0,
vtoure,,,,,False,,0,0,0,
kailashnathkutti,,,,,False,,0,0,0,
TobiasRoth,,,,,False,,0,0,0,
mkgl,,,,,False,,0,0,0,
mtte,,,,,False,,0,0,0,
coatpont,,,,,False,,0,0,0,
jludwiczak,,,,,False,,0,0,0,
lorenzbr,,,,,False,,0,0,0,
lrosenth,,,,,False,,0,0,0,
chrishuan9,,,,,False,,0,0,0,
pfriedri,,,,,False,,0,0,0,
waleedelsayed,,,,,False,,0,0,0,
MeuwlyGroup,,,,,False,,0,0,0,
otayfuroglu,,,,,False,,0,0,0,
OmarMAshour,,,,,False,,0,0,0,
JanAdelman,,,,,False,,0,0,0,
alazzaro,,,,,False,,0,0,0,
SilenLoc,,,,,False,,0,0,0,
jose-correia,,,,,False,,0,0,0,
aroller,,,,,False,,0,0,0,
net-cscience-raphael,,,,,False,,0,0,0,
RidaAyed,,,,,False,,0,0,0,
jarheadcore,,,,,False,,0,0,0,
alvarogonjim,,,,,False,,0,0,0,
palsch,,,,,False,,0,0,0,
dsolsona,,,,,False,,0,0,0,
frieder,,,,,False,,0,0,0,
dpdawson,,,,,False,,0,0,0,
